667,31,556.8000000000001,25.6
673,31,542.4,24.8
666,30,543.2,24.8
681,31,558.4,24.8
658,30,564.8000000000001,25.6
668,31,548.8000000000001,24.8
668,31,537.6,24.8
661,30,538.4,24.8
663,30,546.4,24.8
657,30,540,24.8
670,31,537.6,24.8
685,33,522.4,24
680,34,524.8000000000001,24
398,88,520.8000000000001,24
497,74,504,23.200000000000003
53,41,496.8,22.400000000000002
300,74,529.6,24
180,46,516.8000000000001,24
198,36,499.20000000000005,23.200000000000003
215,31,520.8000000000001,24
227,33,529.6,24
217,35,530.4,24
90,63,534.4,24.8
124,56,524,24
97,53,536.8000000000001,24.8
87,50,526.4,24
109,48,537.6,24.8
77,49,544.8000000000001,24.8
145,47,447.20000000000005,20
112,49,434.40000000000003,20
108,49,492,22.400000000000002
136,47,513.6,23.200000000000003
109,47,516.8000000000001,24
74,48,526.4,24
46,50,522.4,24
58,49,532.8000000000001,24
60,49,540,24.8
97,48,544.8000000000001,24.8
61,49,548,24.8
26,49,548.8000000000001,24.8
51,49,547.2,24.8
91,48,546.4,24.8
57,49,552.8000000000001,25.6
75,49,544.8000000000001,24.8
84,48,537.6,24.8
68,48,530.4,24
95,49,528.8000000000001,24
100,48,539.2,24.8
171,45,525.6,24
181,46,533.6,24.8
25,49,538.4,24.8
36,49,532.8000000000001,24
12,50,544.8000000000001,24.8
15,49,526.4,24
21,48,534.4,24.8
127,47,534.4,24.8
164,49,528.8000000000001,24
238,45,530.4,24
33,284,525.6,24
28,179,536,24.8
-21,674,548,26.400000000000002
2,603,544,27.200000000000003
-114,599,318.40000000000003,70.4
-95,589,397.6,59.2
-152,547,42.400000000000006,32.800000000000004
-129,534,240,59.2
-134,554,144,36.800000000000004
-113,550,158.4,28.8
-57,715,172,24.8
-118,705,181.60000000000002,26.400000000000002
-92,671,173.60000000000002,28
-58,718,72,50.400000000000006
-201,841,99.2,44.800000000000004
39,789,77.60000000000001,42.400000000000006
-10,578,69.60000000000001,40
25,809,87.2,38.400000000000006
44,700,61.6,39.2
-8,727,116,37.6
39,739,89.60000000000001,39.2
47,766,86.4,39.2
9,733,108.80000000000001,37.6
-16,761,87.2,37.6
0,779,59.2,38.400000000000006
-33,821,36.800000000000004,40
23,771,46.400000000000006,39.2
45,781,48,39.2
40,783,77.60000000000001,38.400000000000006
51,760,48.800000000000004,39.2
84,798,20.8,39.2
44,794,40.800000000000004,39.2
39,809,72.8,38.400000000000006
16,819,45.6,39.2
32,788,60,39.2
40,813,67.2,38.400000000000006
60,781,54.400000000000006,38.400000000000006
34,791,76,39.2
-5,832,80,38.400000000000006
-2,830,136.8,36
70,782,144.8,36.800000000000004
42,817,20,39.2
65,821,28.8,39.2
118,839,9.600000000000001,40
27,769,12,39.2
16,707,16.8,38.400000000000006
165,692,101.60000000000001,37.6
123,669,131.20000000000002,39.2
119,641,190.4,36
82,655,26.400000000000002,227.20000000000002
155,709,22.400000000000002,143.20000000000002
66,747,-16.8,539.2
150,715,1.6,482.40000000000003
710,873,-91.2,479.20000000000005
708,822,-76,471.20000000000005
161,475,-121.60000000000001,437.6
678,879,-103.2,427.20000000000005
663,838,-107.2,443.20000000000005
498,778,-90.4,440
594,833,-45.6,572
563,849,-94.4,564
576,838,-73.60000000000001,536.8000000000001
618,858,-46.400000000000006,574.4
547,864,-160.8,672.8000000000001
574,874,31.200000000000003,631.2
530,870,-8,462.40000000000003
563,858,20,647.2
554,836,35.2,560
512,834,-6.4,581.6
356,763,31.200000000000003,591.2
351,684,37.6,612.8000000000001
361,748,7.2,586.4
177,627,-12.8,608.8000000000001
828,954,0,623.2
732,923,-26.400000000000002,656.8000000000001
708,999,18.400000000000002,616.8000000000001
528,654,36,624.8000000000001
827,933,32,626.4000000000001
874,888,40.800000000000004,608
821,967,67.2,638.4000000000001
714,902,35.2,635.2
908,961,31.200000000000003,647.2
798,944,12.8,655.2
843,919,25.6,630.4000000000001
798,945,32,650.4000000000001
815,963,48,624.8000000000001
726,949,27.200000000000003,632.8000000000001
868,986,-4,665.6
188,531,-1.6,664
734,905,56,625.6
-69,125,33.6,653.6
595,843,52,656.8000000000001
765,998,94.4,671.2
840,990,21.6,615.2
822,948,12.8,565.6
863,959,132,553.6
761,864,98.4,535.2
814,1020,95.2,512.8000000000001
861,992,65.60000000000001,524
756,960,124,567.2
836,884,52.800000000000004,597.6
769,861,120,572
876,929,568,698.4000000000001
859,938,566.4,657.6
856,983,128.8,380
808,900,542.4,703.2
820,934,530.4,670.4000000000001
824,899,398.40000000000003,622.4000000000001
777,933,475.20000000000005,666.4000000000001
832,939,450.40000000000003,679.2
810,931,460.8,670.4000000000001
845,953,494.40000000000003,686.4000000000001
840,971,437.6,691.2
487,730,459.20000000000005,699.2
548,787,424,696
606,823,450.40000000000003,686.4000000000001
619,831,443.20000000000005,668.8000000000001
631,848,409.6,667.2
616,869,284.8,610.4
640,831,280.8,547.2
609,830,288.8,598.4
561,834,141.6,501.6
455,662,662.4000000000001,763.2
549,769,585.6,738.4000000000001
556,816,566.4,799.2
631,847,422.40000000000003,523.2
576,791,661.6,746.4000000000001
617,811,699.2,710.4000000000001
635,785,656.8000000000001,773.6
650,829,571.2,721.6
681,888,726.4000000000001,768.8000000000001
666,897,638.4000000000001,755.2
744,881,674.4000000000001,735.2
797,944,638.4000000000001,756
502,683,652,770.4000000000001
733,934,580.8000000000001,759.2
797,944,694.4000000000001,788.8000000000001
807,937,150.4,424.8
897,950,587.2,724
847,968,-55.2,100
817,956,476,674.4000000000001
836,944,612,798.4000000000001
779,959,672,792
958,951,657.6,758.4000000000001
789,1009,690.4000000000001,767.2
805,976,608.8000000000001,691.2
793,986,651.2,816
764,1001,688.8000000000001,793.6
875,995,604.8000000000001,768
863,998,668.8000000000001,707.2
812,981,615.2,688.8000000000001
843,1010,700.8000000000001,743.2
843,961,687.2,750.4000000000001
781,928,684.8000000000001,786.4000000000001
759,940,646.4000000000001,720
850,1004,656,747.2
858,952,659.2,719.2
864,965,621.6,746.4000000000001
915,978,665.6,751.2
912,962,648,744.8000000000001
973,993,676,762.4000000000001
534,666,672,776.8000000000001
808,952,389.6,584
686,840,438.40000000000003,629.6
930,696,484.8,658.4000000000001
969,658,495.20000000000005,664.8000000000001
937,719,504.8,678.4000000000001
996,655,492.8,695.2
946,660,512,664.8000000000001
985,591,487.20000000000005,664
836,604,448.8,667.2
852,718,364,529.6
962,804,439.20000000000005,615.2
964,819,444.8,652.8000000000001
944,706,504.8,677.6
887,713,460.8,632.8000000000001
539,550,493.6,648.8000000000001
531,529,508,628
514,462,520,663.2
495,459,544.8000000000001,710.4000000000001
914,656,532.8000000000001,717.6
987,728,595.2,704.8000000000001
742,824,637.6,755.2
577,669,401.6,546.4
811,869,586.4,747.2
693,916,637.6,755.2
1095,1113,645.6,749.6
301,485,717.6,760
629,677,677.6,774.4000000000001
591,700,653.6,764.8000000000001
686,746,668.8000000000001,755.2
634,717,623.2,767.2
550,665,766.4000000000001,760.8000000000001
835,855,631.2,807.2
707,731,644,780.8000000000001
800,751,634.4000000000001,788.8000000000001
801,760,611.2,800.8000000000001
807,780,700,796
791,691,690.4000000000001,798.4000000000001
606,555,649.6,784.8000000000001
524,577,674.4000000000001,808
997,639,674.4000000000001,768.8000000000001
753,650,624.8000000000001,742.4000000000001
902,678,607.2,752
912,765,680,803.2
1000,751,686.4000000000001,761.6
1018,631,691.2,772
1048,667,732,782.4000000000001
1159,679,729.6,769.6
981,699,778.4000000000001,794.4000000000001
878,801,427.20000000000005,532.8000000000001
757,791,646.4000000000001,761.6
900,803,548.8000000000001,672
948,725,744,556.8000000000001
875,768,775.2,526.4
867,789,749.6,575.2
810,744,796.8000000000001,524
980,766,756.8000000000001,528
877,764,788,472.8
750,656,668.8000000000001,483.20000000000005
900,764,681.6,574.4
1054,780,769.6,643.2
895,819,771.2,655.2
950,811,755.2,564.8000000000001
957,645,709.6,570.4
992,673,431.20000000000005,440
935,581,424.8,423.20000000000005
899,692,411.20000000000005,369.6
936,728,396,367.20000000000005
842,675,731.2,524.8000000000001
951,629,789.6,582.4
963,636,593.6,659.2
926,639,461.6,535.2
857,615,648.8000000000001,695.2
861,605,554.4,732.8000000000001
934,623,876,890.4000000000001
860,629,240.8,388
957,650,503.20000000000005,541.6
836,614,472.8,560
892,699,548.8000000000001,596.8000000000001
867,637,507.20000000000005,573.6
802,971,440,532
971,1140,668,684
1077,1186,565.6,584.8000000000001
924,785,640,600.8000000000001
1083,650,640.8000000000001,608
1313,172,645.6,624
1270,130,632.8000000000001,552.8000000000001
1523,114,484.8,444
1499,133,419.20000000000005,461.6
1499,135,797.6,511.20000000000005
1474,112,602.4,520
1469,118,721.6,542.4
1500,87,729.6,612
1442,71,800,600.8000000000001
1495,71,814.4000000000001,504.8
1361,38,838.4000000000001,533.6
1560,62,927.2,543.2
1427,105,784.8000000000001,559.2
1538,106,702.4000000000001,640.8000000000001
1485,49,605.6,632.8000000000001
1506,84,720,642.4000000000001
1499,135,758.4000000000001,580
1693,154,700,614.4000000000001
1632,205,693.6,631.2
1769,266,648,595.2
1431,97,784,612.8000000000001
1558,144,701.6,611.2
1098,149,600,524.8000000000001
1111,60,720,611.2
1402,195,843.2,624
1353,219,716,655.2
1398,201,760,648.8000000000001
1169,142,765.6,516
1007,168,793.6,538.4
919,170,748,464.8
1505,140,719.2,553.6
1497,164,748.8000000000001,582.4
1394,105,673.6,540
1512,180,760.8000000000001,503.20000000000005
1424,174,770.4000000000001,508.8
1430,163,740.8000000000001,511.20000000000005
1358,177,685.6,492
1435,106,688.8000000000001,484
1563,185,747.2,498.40000000000003
1397,119,688,503.20000000000005
1361,120,765.6,520
1394,130,668.8000000000001,491.20000000000005
1387,148,713.6,559.2
1352,144,693.6,509.6
1321,113,641.6,776.8000000000001
1427,172,776.8000000000001,912
1565,169,861.6,948.8000000000001
1506,215,739.2,628
1604,232,866.4000000000001,520
1511,190,1050.4,137.6
1572,178,1016,104
1643,282,1218.4,91.2
1141,38,1199.2,106.4
1556,2,1199.2,108
1585,73,1179.2,89.60000000000001
1433,13,1175.2,94.4
1601,89,1200,69.60000000000001
1468,130,1153.6000000000001,56.800000000000004
1471,145,1196,56.800000000000004
1648,213,1088.8,30.400000000000002
1587,6,1248,49.6
1605,79,1141.6000000000001,84
1602,-7,1230.4,84.80000000000001
1808,38,1188,39.2
1639,25,1204.8,67.2
1744,62,1199.2,108
1530,-50,1354.4,123.2
1524,30,1305.6000000000001,164
1502,47,1415.2,212.8
1210,45,1144.8,77.60000000000001
1629,22,1246.4,115.2
1558,36,878.4000000000001,119.2
1576,15,888.8000000000001,48
1499,120,1121.6000000000001,156
1354,633,1082.4,175.20000000000002
1580,-3,1118.4,160.8
1652,20,935.2,113.60000000000001
1443,18,805.6,134.4
1325,-3,735.2,136
1477,-72,1204,112
1178,-170,1197.6000000000001,131.20000000000002
1083,-109,1115.2,84
1195,87,1209.6000000000001,144
1734,89,1139.2,139.20000000000002
1678,112,1144,130.4
1646,160,1086.4,141.6
1596,134,1148,84.80000000000001
1653,35,1250.4,148
1154,339,1117.6000000000001,95.2
914,780,1088.8,96
1239,939,1115.2,104
1057,249,1109.6000000000001,118.4
1507,129,1081.6000000000001,115.2
1424,118,1056.8,90.4
1600,42,1141.6000000000001,137.6
1319,155,1252,135.20000000000002
1545,120,1204.8,172
1362,68,1283.2,185.60000000000002
1575,14,1208.8,152
1581,112,1257.6000000000001,142.4
1473,55,1314.4,225.60000000000002
1591,47,912.8000000000001,30.400000000000002
1533,22,1244.8000000000002,1.6
1408,114,1268,58.400000000000006
1555,79,1146.4,10.4
1601,56,1280.8000000000002,71.2
1276,-48,1174.4,104
1352,-62,1176.8,116
1384,-13,1318.4,170.4
1222,-62,1269.6000000000001,4.800000000000001
1584,15,1284,63.2
1514,-27,1281.6000000000001,-5.6000000000000005
1987,26,1446.4,30.400000000000002
1742,61,1311.2,20
1542,44,1395.2,49.6
1903,64,1224,-40
1923,60,1219.2,24
1872,183,1201.6000000000001,37.6
1816,139,968,36
2017,116,1303.2,17.6
1985,164,1246.4,28.8
1882,62,1260.8000000000002,12
1903,148,1199.2,96
1906,89,1083.2,506.40000000000003
1703,97,1264,-2.4000000000000004
1753,40,1321.6000000000001,16
1731,55,1154.4,14.4
1819,165,1060,-2.4000000000000004
1110,402,1181.6000000000001,-57.6
1340,278,942.4000000000001,-136
1497,282,866.4000000000001,-87.2
1579,106,956,69.60000000000001
1717,-32,1387.2,71.2
1632,-54,1342.4,89.60000000000001
1714,105,1316.8000000000002,128
1701,130,1276.8000000000002,107.2
1793,212,1322.4,28
1882,238,923.2,271.2
1728,131,731.2,624
1697,160,991.2,751.2
1911,184,845.6,199.20000000000002
1923,202,1205.6000000000001,103.2
1767,104,1139.2,94.4
2002,94,1280,33.6
1885,98,1055.2,124
1730,137,1236,96
1692,97,1089.6000000000001,54.400000000000006
1897,105,1260,11.200000000000001
2046,191,1264.8000000000002,89.60000000000001
1978,232,1178.4,44
2011,156,1272.8000000000002,37.6
1840,151,1226.4,17.6
1849,77,1126.4,91.2
2013,101,1244,63.2
1949,92,1280.8000000000002,44.800000000000004
1729,43,1020.8000000000001,-38.400000000000006
1840,129,1081.6000000000001,-49.6
1834,124,1107.2,-10.4
1794,101,977.6,-49.6
1699,98,1267.2,12
1834,123,1211.2,-21.6
1760,40,1589.6000000000001,20.8
1663,95,1393.6000000000001,48.800000000000004
2116,194,1233.6000000000001,35.2
2029,171,1522.4,51.2
2089,103,1538.4,48
1910,182,1497.6000000000001,146.4
1539,144,1452.8000000000002,111.2
1877,201,1613.6000000000001,92.80000000000001
1941,184,1588,131.20000000000002
1820,65,1505.6000000000001,49.6
1728,136,1522.4,118.4
1927,36,1524.8000000000002,71.2
1842,46,1362.4,77.60000000000001
1931,37,1402.4,32
1806,82,1384.8000000000002,44
1808,63,1455.2,132
1780,130,888,321.6
1747,105,1072,222.4
1988,223,1197.6000000000001,225.60000000000002
1934,54,1263.2,84.80000000000001
1846,204,1373.6000000000001,-25.6
1884,155,1305.6000000000001,-43.2
1958,56,1371.2,84
1794,97,1360.8000000000002,104
1776,140,1434.4,169.60000000000002
2025,161,1505.6000000000001,190.4
1971,177,1382.4,104.80000000000001
1807,74,1357.6000000000001,128
1954,62,1528.8000000000002,147.20000000000002
1727,241,1538.4,161.60000000000002
1878,89,1413.6000000000001,83.2
1826,146,1601.6000000000001,75.2
1848,63,1508,78.4
1746,33,1384,109.60000000000001
1688,109,1353.6000000000001,77.60000000000001
1841,100,1517.6000000000001,84
1779,139,1636.8000000000002,152.8
1982,92,1582.4,185.60000000000002
1903,159,1608.8000000000002,124.80000000000001
1838,153,1472,120.80000000000001
1848,144,1479.2,61.6
1872,187,1610.4,80.80000000000001
1858,136,1559.2,73.60000000000001
1822,87,1383.2,34.4
1699,157,1472,103.2
1975,189,1467.2,99.2
1830,185,1435.2,80.80000000000001
1357,263,1359.2,78.4
575,505,1467.2,98.4
1615,206,1408,32
1962,79,1330.4,76
1755,119,1692.8000000000002,155.20000000000002
1727,211,1623.2,136.8
1985,194,1671.2,82.4
1878,198,1528,145.6
1963,335,1231.2,115.2
1881,157,1501.6000000000001,160.8
1825,348,1552.8000000000002,147.20000000000002
1956,239,1456,52
1874,330,1382.4,108.80000000000001
1785,304,1541.6000000000001,28.8
1808,327,1473.6000000000001,36.800000000000004
1904,239,1544.8000000000002,29.6
1728,264,1444.8000000000002,65.60000000000001
1997,356,1446.4,50.400000000000006
1907,355,1424,104
1926,352,1397.6000000000001,84
1946,353,1590.4,178.4
1789,308,1547.2,43.2
1836,334,1476.8000000000002,163.20000000000002
1900,316,1507.2,124
1981,329,1566.4,44.800000000000004
1860,292,1435.2,77.60000000000001
1772,210,1420.8000000000002,112
1544,275,1620,128.8
1748,331,1576.8000000000002,141.6
1828,280,1445.6000000000001,59.2
1900,411,1563.2,49.6
1859,292,1381.6000000000001,192.8
1948,268,1502.4,71.2
1556,288,1460.8000000000002,116.80000000000001
1847,161,1478.4,50.400000000000006
1800,304,1396.8000000000002,26.400000000000002
1781,261,1350.4,87.2
1820,271,1472.8000000000002,80
1665,341,1423.2,111.2
1757,208,1585.6000000000001,73.60000000000001
1802,97,1522.4,127.2
1778,115,1470.4,122.4
1613,152,1478.4,115.2
1825,131,1497.6000000000001,149.6
1624,124,1486.4,108.80000000000001
1699,8,1457.6000000000001,69.60000000000001
1689,133,1359.2,125.60000000000001
1579,69,1580,151.20000000000002
1599,245,1464,148
1936,342,1085.6000000000001,210.4
1971,504,460,404
1206,928,1292,164.8
944,328,1569.6000000000001,63.2
1446,221,1404,95.2
1577,203,1381.6000000000001,168.8
1446,267,1588,155.20000000000002
1703,196,1502.4,158.4
1566,203,1570.4,268
1650,232,1504.8000000000002,125.60000000000001
1562,187,1460,278.40000000000003
1590,242,1564.8000000000002,191.20000000000002
1599,122,1499.2,264
1505,95,1428,243.20000000000002
1679,221,1446.4,261.6
1689,150,1523.2,191.20000000000002
1715,92,1382.4,211.20000000000002
1513,168,1597.6000000000001,284.8
1595,109,1525.6000000000001,284
1724,111,1540.8000000000002,281.6
1865,277,1556.8000000000002,282.40000000000003
1864,311,1431.2,246.4
1816,271,1468.8000000000002,267.2
1783,250,1520,252.8
1794,242,1584.8000000000002,263.2
1625,192,1488,233.60000000000002
1750,193,1417.6000000000001,168
1556,118,1235.2,220
1636,285,1398.4,264.8
1905,308,1462.4,224
1515,155,1520,328.8
1859,292,1487.2,233.60000000000002
2002,280,1558.4,214.4
1772,293,1244.8000000000002,230.4
1707,332,1477.6000000000001,128.8
1661,304,1440,243.20000000000002
1912,337,1424.8000000000002,208.8
1710,252,1456,216.8
1860,195,1332,272.8
1767,319,1405.6000000000001,166.4
1695,314,1441.6000000000001,77.60000000000001
1801,228,1422.4,92
1913,498,1290.4,121.60000000000001
1708,587,1460,104.80000000000001
1887,401,1299.2,99.2
945,1112,1359.2,6.4
1668,-3,1351.2,106.4
1830,42,1263.2,55.2
1647,513,1279.2,196
1537,566,1548.8000000000002,273.6
1618,618,1576.8000000000002,403.20000000000005
1549,593,964.8000000000001,742.4000000000001
1635,521,755.2,262.40000000000003
1701,432,1156.8,176.8
1778,492,1261.6000000000001,162.4
1856,518,1156.8,213.60000000000002
1874,465,1362.4,156.8
1541,411,1252.8000000000002,162.4
1612,354,1320,185.60000000000002
1742,409,1249.6000000000001,149.6
1605,398,1272,193.60000000000002
1505,545,1279.2,97.60000000000001
1778,492,1204,76
1809,509,1343.2,176.8
1885,630,1351.2,120
1872,494,1372,73.60000000000001
1972,511,1210.4,134.4
1938,535,1276,87.2
1749,604,1379.2,88.80000000000001
1773,621,1492,221.60000000000002
1497,531,1491.2,248.8
1656,602,1452.8000000000002,216.8
1653,494,1426.4,200
1843,553,1435.2,193.60000000000002
1801,484,1300,153.60000000000002
1665,551,1400,154.4
1699,609,1244.8000000000002,94.4
1579,512,1308.8000000000002,228
1488,526,1524,246.4
1577,413,1212,124
1682,566,1487.2,233.60000000000002
1752,492,1601.6000000000001,224
1736,528,1417.6000000000001,234.4
1865,526,1365.6000000000001,265.6
1622,551,1328.8000000000002,243.20000000000002
1820,488,1529.6000000000001,269.6
1865,611,1368,201.60000000000002
1482,599,1488,156
1690,600,1413.6000000000001,255.20000000000002
1613,581,1356,251.20000000000002
1681,460,1440.8000000000002,182.4
1791,518,1530.4,398.40000000000003
1779,529,1366.4,469.6
1692,573,1509.6000000000001,320.8
1870,467,756,889.6
1857,504,1334.4,-2.4000000000000004
1746,418,1464,33.6
1778,416,1317.6000000000001,410.40000000000003
1767,457,1229.6000000000001,452.8
1772,503,1294.4,494.40000000000003
1806,507,1239.2,474.40000000000003
1877,479,1308,416.8
1797,511,1360.8000000000002,345.6
1731,504,1422.4,393.6
1730,521,1484.8000000000002,414.40000000000003
1599,450,1499.2,372
1810,456,1232.8000000000002,328.8
1958,512,1289.6000000000001,283.2
1619,385,1393.6000000000001,327.20000000000005
1587,545,1284,318.40000000000003
1718,505,1204,436
1290,702,1422.4,393.6
911,835,1447.2,407.20000000000005
1415,515,1508,504
1486,585,1497.6000000000001,395.20000000000005
1805,634,1577.6000000000001,408.8
2050,672,1550.4,428
1564,761,1399.2,483.20000000000005
1818,770,1418.4,496.8
1501,948,1197.6000000000001,424.8
1599,933,1324.8000000000002,481.6
1488,811,1322.4,395.20000000000005
1698,802,1474.4,442.40000000000003
1553,868,1440.8000000000002,387.20000000000005
1565,862,1332,440.8
1585,849,1359.2,487.20000000000005
1504,817,1263.2,409.6
1480,884,1190.4,420.8
1295,938,1261.6000000000001,330.40000000000003
1441,778,1345.6000000000001,452.8
1368,774,1401.6000000000001,393.6
1288,871,1388.8000000000002,422.40000000000003
1178,760,1492,420.8
1601,830,1297.6000000000001,440.8
1569,854,1456,390.40000000000003
1439,876,1492,488.8
1742,831,1185.6000000000001,479.20000000000005
1314,837,1352,480
1399,813,1290.4,464.8
1409,743,1344.8000000000002,368
1482,811,1432.8000000000002,414.40000000000003
1567,838,1423.2,423.20000000000005
1416,832,1353.6000000000001,458.40000000000003
1681,842,1496,373.6
1609,856,1485.6000000000001,403.20000000000005
1771,823,1396.8000000000002,334.40000000000003
1350,841,1422.4,332.8
1282,755,1413.6000000000001,365.6
1594,1011,1417.6000000000001,402.40000000000003
1638,977,1444.8000000000002,405.6
1518,926,1501.6000000000001,383.20000000000005
1603,971,1437.6000000000001,408.8
1402,994,1384.8000000000002,403.20000000000005
1337,955,1384,416.8
1374,921,1279.2,360
1447,926,1448,364.8
1366,851,1566.4,409.6
1359,942,1295.2,308
1514,991,1269.6000000000001,436
1401,939,1374.4,404
1365,884,1032,561.6
1479,1029,728.8000000000001,668
1453,985,1132,412
1319,1008,1188.8,468
1454,976,1444,507.20000000000005
1456,945,1640,537.6
1738,885,1251.2,608.8000000000001
1626,807,1454.4,616
1548,758,1200.8,758.4000000000001
1727,799,1279.2,746.4000000000001
1563,875,1190.4,648.8000000000001
1704,822,1358.4,641.6
1606,772,1242.4,694.4000000000001
1435,789,1252,689.6
1488,842,1268,679.2
1368,743,1203.2,653.6
1442,967,1184,707.2
1640,852,1036,750.4000000000001
1970,882,1152.8,622.4000000000001
1770,901,1094.4,619.2
1586,779,1030.4,696.8000000000001
1442,913,942.4000000000001,608
1696,831,1280.8000000000002,664
1637,823,1255.2,683.2
1743,871,1151.2,700.8000000000001
1615,919,1393.6000000000001,664.8000000000001
1729,839,1051.2,669.6
1581,779,1119.2,650.4000000000001
1768,1029,1127.2,594.4
1786,792,1185.6000000000001,648.8000000000001
1743,856,1253.6000000000001,670.4000000000001
1468,655,1132.8,665.6
1555,840,1344.8000000000002,673.6
1678,721,1287.2,684.8000000000001
1590,783,1416.8000000000002,658.4000000000001
1816,869,1080,672.8000000000001
1656,853,1025.6000000000001,604
1633,915,1275.2,808.8000000000001
1727,869,1310.4,781.6
1763,864,1214.4,740.8000000000001
1218,591,1282.4,776.8000000000001
1486,897,1121.6000000000001,795.2
1467,869,1069.6000000000001,764
1926,859,1099.2,736.8000000000001
1762,915,1157.6000000000001,740.8000000000001
1716,830,1092.8,680.8000000000001
1554,768,1087.2,753.6
1970,876,1211.2,792.8000000000001
1891,811,1120.8,751.2
1779,962,1092,707.2
1849,970,1183.2,823.2
1852,974,1162.4,788
1955,831,1055.2,806.4000000000001
2123,962,1163.2,780.8000000000001
1864,1011,1164.8,756
1807,941,1390.4,708
1720,953,1300.8000000000002,645.6
1864,1010,1238.4,606.4
1847,989,1381.6000000000001,639.2
1627,986,1250.4,700
1685,921,1363.2,657.6
1834,1138,1284.8000000000002,617.6
2173,1092,1148,631.2
2137,999,1190.4,673.6
1780,958,1094.4,594.4
2053,1104,1153.6000000000001,773.6
2062,1066,1312,681.6
2004,1012,1576,705.6
1865,1011,1416,720.8000000000001
1787,905,1268.8000000000002,623.2
1533,878,1153.6000000000001,730.4000000000001
2065,999,1356.8000000000002,664.8000000000001
1853,1058,1309.6000000000001,658.4000000000001
1916,1076,1394.4,696.8000000000001
1766,959,1292,735.2
1865,1011,1383.2,671.2
1803,1003,1264.8000000000002,623.2
1783,1010,1414.4,823.2
2013,1006,1428.8000000000002,633.6
2349,1029,1394.4,684.8000000000001
1856,963,1174.4,524
1843,1027,1244,672
1781,913,1342.4,576.8000000000001
1963,1071,1272,626.4000000000001
1742,1006,1452.8000000000002,695.2
1948,1181,1324.8000000000002,682.4000000000001
1649,953,1306.4,732
1733,1013,1381.6000000000001,695.2
1619,1112,1410.4,691.2
1493,981,974.4000000000001,472.8
1588,1073,1188.8,717.6
1660,1015,1173.6000000000001,695.2
1836,927,1540.8000000000002,687.2
1727,980,1409.6000000000001,732
1377,943,1372.8000000000002,664
1479,1010,1243.2,614.4000000000001
1207,982,1576,700.8000000000001
1187,872,1512.8000000000002,648.8000000000001
1333,807,1423.2,769.6
937,630,1479.2,776
850,651,1481.6000000000001,779.2
904,659,1564,664.8000000000001
1634,846,1698.4,769.6
1421,925,1491.2,808.8000000000001
1059,750,1445.6000000000001,752.8000000000001
1483,867,1376,762.4000000000001
1539,867,1491.2,808
1412,811,1477.6000000000001,791.2
1369,857,1301.6000000000001,788.8000000000001
1428,783,1348,736.8000000000001
1335,854,1467.2,910.4000000000001
1368,856,1738.4,873.6
1535,858,1709.6000000000001,799.2
1360,769,1424,766.4000000000001
1473,777,1642.4,883.2
1525,770,1649.6000000000001,852.8000000000001
1276,756,1603.2,809.6
1252,815,1492,808.8000000000001
1447,994,1429.6000000000001,724
1465,917,1226.4,702.4000000000001
1364,753,1652,799.2
1336,829,1482.4,846.4000000000001
1180,756,1532.8000000000002,860.8000000000001
1386,788,1412.8000000000002,767.2
1175,864,1492,808.8000000000001
1389,881,1442.4,802.4000000000001
1234,793,1426.4,808
1396,885,1610.4,804.8000000000001
1301,825,1879.2,823.2
1328,1001,1484.8000000000002,770.4000000000001
1392,980,1474.4,821.6
1117,826,1424.8000000000002,730.4000000000001
1413,1000,1570.4,856.8000000000001
1482,990,1393.6000000000001,804.8000000000001
1226,957,1558.4,944.8000000000001
1371,997,1319.2,762.4000000000001
1356,879,1386.4,810.4000000000001
1408,917,1295.2,889.6
1562,977,1194.4,784.8000000000001
1954,1150,1270.4,858.4000000000001
1778,1147,1328,812
1635,1106,1468.8000000000002,741.6
1768,1161,1381.6000000000001,784
1895,1176,1101.6000000000001,754.4000000000001
1560,1095,1183.2,808
1368,857,965.6,785.6
1421,1054,949.6,697.6
1367,856,1066.4,645.6
1368,856,749.6,504
1257,835,680,520.8000000000001
1241,834,723.2,527.2
1321,951,1307.2,676.8000000000001
1614,936,1136.8,740
1534,694,847.2,600
1450,736,1186.4,693.6
1585,956,1231.2,693.6
1453,1022,1129.6000000000001,648.8000000000001
1339,833,1095.2,685.6
710,737,1142.4,626.4000000000001
691,724,1068,683.2
725,763,1094.4,684.8000000000001
1221,862,1228,686.4000000000001
1066,701,1088,615.2
1009,689,1178.4,621.6
802,428,1220,616
974,618,1020.8000000000001,604.8000000000001
1119,591,1001.6,652
824,538,1157.6000000000001,795.2
666,536,1172,733.6
1007,655,1091.2,602.4
1129,700,1068.8,663.2
1291,715,944,604.8000000000001
934,609,1108.8,630.4000000000001
1272,606,940,691.2
869,735,1111.2,704.8000000000001
1029,443,987.2,634.4000000000001
936,593,1116.8,708
753,667,1040.8,660
1137,825,1062.4,800.8000000000001
842,785,1113.6000000000001,784
626,375,893.6,660.8000000000001
1020,410,1130.4,800
771,473,1185.6000000000001,792
935,593,980.8000000000001,765.6
918,557,1096.8,797.6
979,593,1084.8,703.2
813,485,1126.4,733.6
1016,660,1249.6000000000001,781.6
1121,590,1563.2,920
1006,537,1422.4,917.6
971,791,1308,884.8000000000001
936,593,1414.4,928.8000000000001
1042,643,1516,940.8000000000001
1112,758,1248,876
1012,732,1094.4,685.6
974,613,1136.8,843.2
935,564,1093.6000000000001,684.8000000000001
936,593,1094.4,684.8000000000001
992,486,1005.6,668
1010,472,992.8000000000001,667.2
938,538,1056.8,760.8000000000001
827,587,1291.2,748.8000000000001
883,659,1227.2,555.2
990,510,1160,588.8000000000001
993,665,1268,764.8000000000001
814,660,1162.4,817.6
814,457,1071.2,666.4000000000001
647,528,568,589.6
1198,633,552.8000000000001,579.2
702,368,580,610.4
935,592,976.8000000000001,689.6
893,502,852.8000000000001,560.8000000000001
878,755,807.2,551.2
1141,499,641.6,342.40000000000003
1061,651,779.2,494.40000000000003
979,522,895.2,472.8
969,703,659.2,430.40000000000003
935,515,532.8000000000001,428.8
935,593,805.6,524
786,701,903.2,560
815,645,1032.8,572
946,479,747.2,487.20000000000005
1091,705,1017.6,484.8
755,478,695.2,588
1202,594,823.2,354.40000000000003
859,580,748.8000000000001,474.40000000000003
1374,655,602.4,533.6
1099,734,909.6,660
1002,668,673.6,628
934,593,500.8,300
617,584,816,328
904,669,616.8000000000001,378.40000000000003
657,560,748,474.40000000000003
951,494,734.4000000000001,445.6
800,244,783.2,474.40000000000003
1108,387,650.4000000000001,388
1283,490,812.8000000000001,528
1752,594,896.8000000000001,472
741,484,804.8000000000001,429.6
508,412,776.8000000000001,632.8000000000001
816,590,748.8000000000001,474.40000000000003
417,642,833.6,514.4
146,482,889.6,606.4
389,510,809.6,585.6
564,493,779.2,490.40000000000003
520,561,748,451.20000000000005
657,544,748.8000000000001,474.40000000000003
657,544,793.6,388.8
657,544,808,377.6
710,674,750.4000000000001,430.40000000000003
367,408,661.6,469.6
657,544,706.4000000000001,527.2
284,707,792,408
727,664,794.4000000000001,532
681,453,651.2,528
464,426,651.2,365.6
286,351,517.6,422.40000000000003
236,587,958.4000000000001,506.40000000000003
698,528,561.6,294.40000000000003
657,543,748,473.6
851,560,714.4000000000001,401.6
741,780,702.4000000000001,604
667,544,912.8000000000001,399.20000000000005
418,343,848.8000000000001,520.8000000000001
647,513,783.2,417.6
1320,425,775.2,562.4
1262,719,748,412
1301,632,748,474.40000000000003
898,337,628.8000000000001,560.8000000000001
568,372,652,516
693,697,756.8000000000001,383.20000000000005
802,443,872.8000000000001,564
1017,772,604,382.40000000000003
1037,853,961.6,475.20000000000005
1280,836,687.2,464
958,666,1099.2,524
845,533,879.2,587.2
2168,463,801.6,534.4
574,379,747.2,474.40000000000003
555,478,493.6,467.20000000000005
986,566,723.2,535.2
828,650,525.6,448
383,565,760.8000000000001,395.20000000000005
632,473,640,195.20000000000002
881,536,886.4000000000001,309.6
702,448,1026.4,392
-86,713,1401.6000000000001,475.20000000000005
970,898,592.8000000000001,387.20000000000005
-157,-52,406.40000000000003,329.6
1119,100,652.8000000000001,472
1184,497,333.6,513.6
590,-181,116.80000000000001,385.6
135,-186,311.20000000000005,408
-472,-621,451.20000000000005,394.40000000000003
1071,216,416,448.8
343,-316,525.6,435.20000000000005
834,199,525.6,435.20000000000005
891,-52,525.6,435.20000000000005
912,138,568,539.2
913,139,293.6,326.40000000000003
-20,-157,525.6,435.20000000000005
471,-383,227.20000000000002,565.6
324,-319,581.6,531.2
793,-31,544.8000000000001,362.40000000000003
166,-448,371.20000000000005,340.8
-132,-1120,228.8,280.8
1826,248,188.8,469.6
-7,-10,558.4,422.40000000000003
692,-318,525.6,434.40000000000003
912,138,680.8000000000001,448
-15303,-3861,592.8000000000001,624
1286,-32,533.6,435.20000000000005
1157,-385,334.40000000000003,274.40000000000003
11255,1807,517.6,410.40000000000003
912,138,1056,340
843,-679,1009.6,575.2
997,-2284,1040.8,505.6
-3048,-2372,718.4000000000001,269.6
3272,1864,454.40000000000003,297.6
8233,2321,554.4,557.6
-2640,978,641.6,354.40000000000003
912,139,813.6,617.6
-4743,-735,829.6,682.4000000000001
534,672,1024,668.8000000000001
711,-59,766.4000000000001,532.8000000000001
959,-322,676,426.40000000000003
827,-58,1734.4,370.40000000000003
913,138,459.20000000000005,303.2
1051,281,444,382.40000000000003
912,139,788.8000000000001,452.8
1182,184,662.4000000000001,520
915,-141,306.40000000000003,452
913,-81,505.6,378.40000000000003
1133,253,704.8000000000001,428.8
827,-56,561.6,358.40000000000003
1446,55,-68.8,570.4
625,-193,776,718.4000000000001
386,-76,-125.60000000000001,-41.6
642,222,895.2,80
100,-434,947.2,397.6
433,-202,472,-144.8
587,-323,108,-148.8
718,60,-377.6,-496.8
398,79,856.8000000000001,172.8
517,122,274.40000000000003,-252.8
980,226,667.2,159.20000000000002
1048,242,712.8000000000001,-41.6
1164,279,729.6,110.4
730,246,730.4000000000001,111.2
1188,601,-16,-125.60000000000001
959,150,376.8,-306.40000000000003
650,172,259.2,-255.20000000000002
1102,146,634.4000000000001,-24.8
1469,-300,132.8,-358.40000000000003
500,-376,-105.60000000000001,-896
343,-276,1460.8000000000002,198.4
190,-189,-5.6000000000000005,-8
658,-95,553.6,-254.4
837,-60,729.6,110.4
823,-127,-12242.400000000001,-3088.8
863,-149,1028.8,-25.6
1019,-104,925.6,-308
745,-168,9004,1445.6000000000001
554,12,729.6,110.4
407,13,674.4000000000001,-543.2
391,-332,797.6,-1827.2
1866,-72,-2438.4,-1897.6000000000001
233,-282,2617.6000000000004,1491.2
1440,-7,6586.400000000001,1856.8000000000002
1031,-108,-2112,782.4000000000001
1155,-152,729.6,111.2
514,-520,-3794.4,-588
-357,-155,427.20000000000005,537.6
479,1072,568.8000000000001,-47.2
-14,322,767.2,-257.6
856,333,661.6,-46.400000000000006
881,186,730.4000000000001,110.4
558,149,840.8000000000001,224.8
977,45,729.6,111.2
1055,-9,945.6,147.20000000000002
748,-96,732,-112.80000000000001
1123,-28,730.4000000000001,-64.8
794,237,906.4000000000001,202.4
921,7,661.6,-44.800000000000004
176,181,1156.8,44
351,494,500,-154.4
1164,331,308.8,-60.800000000000004
580,103,513.6,177.60000000000002
564,635,80,-347.20000000000005
1080,363,346.40000000000003,-161.60000000000002
174,137,469.6,-258.40000000000003
876,214,574.4,48
1315,417,318.40000000000003,63.2
913,138,413.6,97.60000000000001
300,136,784,180.8
1234,249,838.4000000000001,193.60000000000002
847,-67,931.2,223.20000000000002
779,195,584,196.8
-39,-66,950.4000000000001,480.8
818,286,767.2,120
720,-34,520,137.6
606,150,881.6,116.80000000000001
983,370,1175.2,-240
641,164,400,-300.8
1069,309,274.40000000000003,-220.8
-297,213,152,-151.20000000000002
-139,-113,526.4,-76
151,89,669.6,-48
808,-3,658.4000000000001,-101.60000000000001
304,129,690.4000000000001,-119.2
-257,325,815.2,-83.2
785,339,596,-134.4
38,-44,443.20000000000005,9.600000000000001
147,435,325.6,10.4
163,91,312.8,-265.6
353,279,1492.8000000000002,-57.6
723,197,186.4,-225.60000000000002
285,12,1152,-5.6000000000000005
429,184,824.8000000000001,-86.4
707,73,924,-121.60000000000001
-64,103,411.20000000000005,-416
829,249,-285.6,-124
638,214,383.20000000000005,857.6
476,307,-11.200000000000001,257.6
301,279,684.8000000000001,266.40000000000003
624,447,704.8000000000001,148.8
430,185,446.40000000000003,119.2
-284,232,781.6,36
-1156,203,844,-7.2
-660,282,598.4,-76.80000000000001
-1328,414,898.4000000000001,-22.400000000000002
-278,220,635.2,189.60000000000002
-76,249,736.8000000000001,5.6000000000000005
-157,94,140.8,144.8
236,442,280.8,395.20000000000005
105,331,931.2,264.8
412,183,464,82.4
436,262,451.20000000000005,508
332,231,864,290.40000000000003
280,114,139.20000000000002,109.60000000000001
385,176,700.8000000000001,171.20000000000002
793,157,1052,333.6
159,72,730.4000000000001,110.4
51,241,240,108.80000000000001
340,277,987.2,199.20000000000002
796,107,677.6,-53.6
860,172,623.2,156
429,185,-31.200000000000003,-52.800000000000004
1,208,654.4000000000001,228.8
-89,72,576,-27.200000000000003
268,-29,484.8,120
2713,572,786.4000000000001,296
577,655,512.8000000000001,131.20000000000002
419,549,855.2,247.20000000000002
434,175,-237.60000000000002,170.4
934,124,-111.2,-90.4
633,71,120.80000000000001,71.2
684,-29,646.4000000000001,-2.4000000000000004
189,123,243.20000000000002,103.2
61,28,-205.60000000000002,260
457,163,628,271.2
745,-41,30.400000000000002,-35.2
1039,49,117.60000000000001,348
391,-36,130.4,72.8
721,43,282.40000000000003,223.20000000000002
678,18,578.4,157.60000000000002
1307,-70,228,9.600000000000001
598,-60,343.20000000000005,147.20000000000002
667,21,565.6,58.400000000000006
65,99,-51.2,82.4
86,60,663.2,199.20000000000002
893,363,510.40000000000003,171.20000000000002
538,200,380.8,245.60000000000002
678,16,240.8,223.20000000000002
677,16,499.20000000000005,357.6
678,16,344,148
875,-78,-227.20000000000002,185.60000000000002
121,-48,-924.8000000000001,162.4
677,17,-528,225.60000000000002
517,1,-1062.4,331.20000000000005
934,-63,-222.4,176
918,201,-60.800000000000004,199.20000000000002
509,233,-125.60000000000001,75.2
524,89,188.8,353.6
922,110,84,264.8
599,-23,329.6,146.4
280,8,348.8,209.60000000000002
165,-147,265.6,184.8
781,148,224,91.2
-688,129,308,140.8
1451,716,634.4000000000001,125.60000000000001
1296,527,127.2,57.6
1461,318,40.800000000000004,192.8
1429,72,272,221.60000000000002
933,213,636.8000000000001,85.60000000000001
1063,-84,688,137.6
1256,-30,343.20000000000005,148
1246,-184,0.8,166.4
1637,144,-71.2,57.6
1432,-74,214.4,-23.200000000000003
1467,95,2170.4,457.6
1581,19,461.6,524
1451,169,335.20000000000005,439.20000000000005
1307,47,347.20000000000005,140
1073,242,747.2,99.2
1091,-46,506.40000000000003,56.800000000000004
1300,187,547.2,-23.200000000000003
1117,163,151.20000000000002,98.4
999,-44,48.800000000000004,22.400000000000002
1063,-117,365.6,130.4
794,-18,596,-32.800000000000004
1209,90,831.2,39.2
1481,117,312.8,-28.8
1168,192,576.8000000000001,34.4
1203,114,542.4,14.4
1165,-363,1045.6000000000001,-56
996,-74,478.40000000000003,-48
1231,-131,533.6,16.8
1284,-141,52,79.2
908,-133,68.8,48
1235,38,714.4000000000001,290.40000000000003
1211,-28,430.40000000000003,160
1294,-56,542.4,12.8
1106,24,541.6,12.8
1497,-57,542.4,12.8
1735,95,700,-62.400000000000006
1664,129,96.80000000000001,-38.400000000000006
1600,207,541.6,13.600000000000001
1792,169,413.6,0.8
1706,262,747.2,-50.400000000000006
1562,137,734.4000000000001,160.8
1796,177,407.20000000000005,186.4
1658,231,419.20000000000005,71.2
1149,14,737.6,88
1632,86,479.20000000000005,-18.400000000000002
1406,76,224,6.4
1358,192,132,-117.60000000000001
985,106,624.8000000000001,118.4
1137,204,-550.4,103.2
1555,47,1160.8,572.8000000000001
1266,-115,1036.8,421.6
1553,172,1168.8,254.4
1503,20,1143.2,57.6
1365,195,746.4000000000001,170.4
1437,71,850.4000000000001,-67.2
1297,254,1004.8000000000001,-24
952,111,996.8000000000001,-147.20000000000002
1466,-332,1309.6000000000001,115.2
1315,160,1145.6000000000001,-59.2
1463,18,1173.6000000000001,76
1649,253,1264.8000000000002,15.200000000000001
1710,76,1160.8,135.20000000000002
1477,-126,1045.6000000000001,37.6
1363,154,858.4000000000001,193.60000000000002
1433,27,872.8000000000001,-36.800000000000004
1550,44,1040,149.6
1400,-102,893.6,130.4
1303,-44,799.2,-35.2
1238,-70,850.4000000000001,-93.60000000000001
1408,62,635.2,-14.4
1464,-129,967.2,72
1365,-160,1184.8,93.60000000000001
1476,-149,934.4000000000001,153.60000000000002
1500,-240,962.4000000000001,91.2
1407,-170,932,-290.40000000000003
1341,-43,796.8000000000001,-59.2
1617,27,984.8000000000001,-104.80000000000001
1453,-125,1027.2,-112.80000000000001
1571,252,726.4000000000001,-106.4
1399,130,988,30.400000000000002
1383,159,968.8000000000001,-22.400000000000002
1184,54,1035.2,-44.800000000000004
1299,-28,884.8000000000001,19.200000000000003
1472,82,1197.6000000000001,-45.6
1673,127,1388,76
1580,184,1331.2,103.2
1391,-68,1280,165.60000000000002
1245,-242,1433.6000000000001,135.20000000000002
1222,72,1364.8000000000002,209.60000000000002
1494,-6,1249.6000000000001,109.60000000000001
1665,59,1436.8000000000002,141.6
1566,210,1326.4,184.8
1501,39,919.2,11.200000000000001
1384,118,1305.6000000000001,68.8
1643,15,1124.8,60.800000000000004
1652,139,1086.4,153.60000000000002
1507,36,788,84.80000000000001
1780,159,909.6,163.20000000000002
1672,221,1244,37.6
1540,110,1012.8000000000001,-92
1866,7,1242.4,137.6
1432,29,1202.4,16
1294,177,1092,156
1540,588,1149.6000000000001,56.800000000000004
982,444,1037.6000000000001,203.20000000000002
916,649,761.6,88.80000000000001
491,686,1172.8,-265.6
726,607,1052,128
1082,424,1170.4,14.4
763,155,1319.2,202.4
944,350,1368,60.800000000000004
1410,748,1181.6000000000001,-100.80000000000001
1088,817,1090.4,123.2
982,966,1146.4,21.6
769,770,1240,35.2
1034,560,1120,-81.60000000000001
911,638,1042.4,-35.2
968,842,990.4000000000001,-56
1122,1038,1126.4,49.6
662,1041,1171.2,-103.2
966,619,1092,-128
1315,961,1180.8,-119.2
958,942,1200,-192
998,861,1125.6000000000001,-136
828,733,1072.8,-34.4
819,927,1293.6000000000001,21.6
838,997,1162.4,-100
826,832,1256.8000000000002,201.60000000000002
1166,905,1119.2,104
927,899,1106.4,127.2
968,843,947.2,43.2
1036,713,1039.2,-22.400000000000002
910,863,1177.6000000000001,65.60000000000001
897,999,1338.4,101.60000000000001
741,904,1264,147.20000000000002
991,807,1112.8,-54.400000000000006
948,819,996,-193.60000000000002
731,795,977.6,57.6
910,674,1195.2,-4.800000000000001
600,902,1332,47.2
745,855,1252.8000000000002,168
868,875,1200.8,31.200000000000003
951,846,1107.2,94.4
814,870,1314.4,12
926,870,1321.6000000000001,111.2
781,873,1205.6000000000001,28.8
1011,885,1424,127.2
732,876,1337.6000000000001,176.8
689,986,1232,88
764,971,1492.8000000000002,5.6000000000000005
1103,1042,1145.6000000000001,23.200000000000003
904,970,1035.2,141.6
706,983,1232,470.40000000000003
991,917,785.6,355.20000000000005
801,872,732.8000000000001,519.2
980,1041,392.8,548.8000000000001
984,1090,580.8000000000001,485.6
1140,1109,865.6,339.20000000000005
898,1030,610.4,124
1050,1110,755.2,280
1151,1082,1128,598.4
883,1161,870.4000000000001,653.6
773,933,785.6,772.8000000000001
832,1103,615.2,616
1104,1075,827.2,448
1068,1054,728.8000000000001,510.40000000000003
969,978,774.4000000000001,673.6
1275,1178,897.6,830.4000000000001
1167,1112,529.6,832.8000000000001
864,1032,772.8000000000001,495.20000000000005
783,857,1052,768.8000000000001
837,894,766.4000000000001,753.6
788,1037,798.4000000000001,688.8000000000001
991,1000,662.4000000000001,586.4
647,965,655.2,741.6
433,906,670.4000000000001,797.6
860,873,660.8000000000001,665.6
759,796,932.8000000000001,724
689,770,741.6,719.2
1186,817,774.4000000000001,674.4000000000001
741,914,828.8000000000001,570.4
586,838,728,690.4000000000001
764,821,717.6,799.2
694,833,592.8000000000001,723.2
-25,751,792.8000000000001,645.6
619,835,758.4000000000001,655.2
675,507,584.8000000000001,636
634,238,728,539.2
668,810,480,721.6
902,822,596,684
414,996,694.4000000000001,700
598,813,760.8000000000001,676.8000000000001
784,721,651.2,696
974,1068,740.8000000000001,696
587,872,624.8000000000001,698.4000000000001
1087,979,808.8000000000001,708
640,921,585.6,700.8000000000001
573,685,551.2,788.8000000000001
542,746,611.2,776.8000000000001
363,633,882.4000000000001,833.6
250,800,723.2,776
533,800,564.8000000000001,786.4000000000001
397,1002,792.8000000000001,733.6
927,798,640.8000000000001,697.6
443,698,784,832.8000000000001
613,823,787.2,872
420,797,912,887.2
561,894,718.4000000000001,824
407,771,840,888
422,884,920.8000000000001,865.6
508,1005,706.4000000000001,928.8000000000001
449,826,618.4000000000001,746.4000000000001
549,941,665.6,882.4000000000001
346,868,883.2,860
309,694,854.4000000000001,843.2
523,673,775.2,782.4000000000001
467,674,1020,942.4000000000001
490,563,933.6,889.6
354,803,691.2,825.6
583,857,626.4000000000001,685.6
675,763,669.6,715.2
581,662,630.4000000000001,829.6
444,608,792.8000000000001,800
468,660,517.6,772
410,544,346.40000000000003,724.8000000000001
445,682,688,698.4000000000001
460,711,607.2,636.8000000000001
455,646,551.2,616
674,778,948.8000000000001,653.6
656,590,592.8000000000001,731.2
546,741,468.8,670.4000000000001
547,847,611.2,656.8000000000001
827,1090,555.2,666.4000000000001
799,700,-20,600.8000000000001
444,472,495.20000000000005,668
503,782,540,405.6
509,690,507.20000000000005,190.4
606,875,534.4,648
447,491,721.6,657.6
651,816,331.20000000000005,796.8000000000001
686,745,478.40000000000003,650.4000000000001
942,667,627.2,576.8000000000001
771,934,779.2,854.4000000000001
829,784,469.6,697.6
569,940,869.6,783.2
812,1128,512,736.8000000000001
603,906,458.40000000000003,548
602,910,433.6,596.8000000000001
704,842,290.40000000000003,506.40000000000003
693,957,200,640
817,1025,426.40000000000003,640
177,654,317.6,801.6
22,366,741.6,638.4000000000001
169,821,354.40000000000003,558.4
371,1106,490.40000000000003,658.4000000000001
702,927,336,637.6
538,729,448.8,715.2
-24,467,325.6,616.8000000000001
-93,574,337.6,707.2
322,662,406.40000000000003,804
-62,477,359.20000000000005,660.8000000000001
-157,573,439.20000000000005,752.8000000000001
114,682,276.8,694.4000000000001
-57,530,247.20000000000002,555.2
152,512,418.40000000000003,538.4
245,594,373.6,539.2
560,833,392,450.40000000000003
471,569,283.2,642.4000000000001
83,236,466.40000000000003,685.6
66,556,540,610.4
503,885,464.8,529.6
-13,515,355.20000000000005,486.40000000000003
-45,695,374.40000000000003,528
204,557,328,435.20000000000005
371,830,356,545.6
323,658,368,568.8000000000001
-165,458,364,516.8000000000001
105,731,539.2,622.4000000000001
-11,512,524.8000000000001,472
300,759,436.8,592.8000000000001
64,555,437.6,677.6
65,555,661.6,872
135,562,639.2,560
158,463,355.20000000000005,377.6
66,556,402.40000000000003,625.6
168,711,407.20000000000005,552
56,699,484.8,700
-304,518,357.6,392.8
221,747,520.8000000000001,652.8000000000001
408,560,548.8000000000001,596
244,463,753.6,533.6
282,555,616.8000000000001,747.2
365,95,663.2,627.2
249,-34,455.20000000000005,752
640,268,649.6,902.4000000000001
629,295,482.40000000000003,724.8000000000001
227,188,481.6,728
577,153,563.2,673.6
523,154,554.4,765.6
550,245,653.6,820
557,325,141.6,523.2
612,433,17.6,292.8
418,224,135.20000000000002,656.8000000000001
596,184,296.8,884.8000000000001
-6,-236,561.6,741.6
409,820,430.40000000000003,583.2
443,293,-19.200000000000003,373.6
421,40,-74.4,459.20000000000005
-117,361,257.6,529.6
587,299,-49.6,381.6
577,348,-125.60000000000001,458.40000000000003
353,292,91.2,545.6
271,144,-45.6,424
375,343,121.60000000000001,409.6
255,329,196,475.20000000000005
759,367,448,666.4000000000001
394,360,376.8,455.20000000000005
406,332,66.4,188.8
623,323,52.800000000000004,444.8
524,403,402.40000000000003,708
567,448,-10.4,412
404,326,-36,556
350,188,163.20000000000002,445.6
429,292,296.8,664
314,288,258.40000000000003,526.4
532,231,-132,366.40000000000003
542,93,84,584.8000000000001
532,230,-8.8,409.6
608,258,240,607.2
496,283,51.2,444
623,350,52,444
533,230,108,449.6
480,237,126.4,370.40000000000003
535,234,52.800000000000004,444.8
254,63,134.4,568.8000000000001
599,133,44.800000000000004,559.2
533,231,-243.20000000000002,414.40000000000003
493,142,176.8,597.6
317,117,326.40000000000003,448
465,308,195.20000000000002,370.40000000000003
614,267,225.60000000000002,444
464,367,292,76
438,139,199.20000000000002,-27.200000000000003
446,338,512,214.4
528,217,503.20000000000005,236
348,243,181.60000000000002,150.4
706,281,461.6,122.4
526,327,418.40000000000003,123.2
300,226,440,196
516,160,445.6,260
617,318,489.6,346.40000000000003
988,389,334.40000000000003,179.20000000000002
822,345,476.8,147.20000000000002
753,378,-4.800000000000001,-188.8
828,408,327.20000000000005,656
648,302,354.40000000000003,234.4
533,227,336.8,32
723,0,-93.60000000000001,288.8
735,228,469.6,239.20000000000002
1061,169,461.6,278.40000000000003
735,29,282.40000000000003,233.60000000000002
827,62,216.8,115.2
901,-19,300,274.40000000000003
873,33,204,263.2
791,-13,607.2,293.6
1116,141,315.20000000000005,288
575,-32,324.8,265.6
653,-5,498.40000000000003,258.40000000000003
775,-11,419.20000000000005,322.40000000000003
309,-24,453.6,358.40000000000003
449,10,323.20000000000005,260.8
849,73,280,150.4
534,131,343.20000000000005,233.60000000000002
803,120,251.20000000000002,230.4
607,-18,425.6,184.8
986,-117,433.6,74.4
759,187,425.6,184
607,-142,486.40000000000003,206.4
843,57,396.8,226.4
1096,42,498.40000000000003,280
1061,162,426.40000000000003,184
749,123,384,189.60000000000002
970,171,428,187.20000000000002
